page_number,page_route,page_title,
13,,A Little History,
14,,Blogs and Columns,
18,,Oblivious to the Obvious,
21,,"The Jerusalem Post: ""Old/New World Discourse""",
22,,"The Jerusalem Post: ""She Said: She Said""",
23,,"Type-A Mom: Stages, Teens",
36,,Book Chapters,
47,,Developing Books,
52,,"The Mother Magazine: ""Concentrated Awareness""",
53,,Tangent,
55,,Creative Nonfiction,
56,,Fiction,
57,,Poetry,
62,,A Short Inquiry,
64,,Kindred: “Suddenly Teens”,
75,,"The Jerusalem Post: ""Middle Eastern Musings""",
84,,"Natural Jewish Parenting: ""Life with Teens and Twenties""",
86,,About KJ Hannah Greenberg,
87,,A Bank Robber's Bad Luck ...,
88,,Don’t Pet The Sweaty Things,
92,,FAQ about KJ Hannah Greenberg,
118,,Fluid & Crystallized,
119,,Supernal Factors,
125,,Images,
127,,Intelligence's Vast Bonfires,
128,,Conversations on Communication Ethics,
129,,Watercolors,
140,,Citrus-Inspired Ceramics,
142,,The Immediacy of Emotional Kerfuffles,
149,,Forthcoming Books,
150,,Word Citizen,
152,,Jerusalem Sunrise: Veracious Celebrations,
154,,The Little Temple of My Sleeping Bag,
156,,Cryptids,
157,,Mothers Ought to Utter Only Niceties,
158,forthcoming_short_works,Forthcoming Short Works,
159,,Developing Short Works,
160,,Dancing with Hedgehogs,
161,,Friends and Rabid Hedgehogs,
163,,Moment by Moment,
166,,A Grand Sociology Lesson,
167,,"Can I be Rare, Too?",
170,,Concatenation ,
172,,Dreams are for Coloring Books: Midlife Marvels,
174,,Ten Kilo and One Million,
175,,Tosh: Select Trash and Bosh of Creative Writing,
180,,Simple Gratitudes,
189,,Rhetorical Candy,
190,,Upon the Lion and the Serpent,
191,,Word Citizen,
192,,My Neighbor Judy,
194,,On Golden Limestone,
195,,Walnut Street,
196,,Whistling for Salvation,
197,,Demurral,
198,,"The Nexus of the Sun, the Moon, and Mother",
199,,The Wife/Mom,
201,,Beast There-Don't That,
203,,Rudiments,
206,,Smiling and Nodding with Alacrity,
207,,Sweet and Sour: Womanly Thoughts,
208,,Flames and Fire,
209,,The Ill-Advised Adventures of Jim-Jam O'Neily,
211,,One-Handed Pianist,
212,,Owmapow Rides Again,
215,,Granny Does It Vol I: As Time Permits,
216,,Granny Does It Vol II: A Rhetoric of Identity,
217,,Granny Does It Vol III: A Morality of Meaning,
404,,Page Not Found,
503,,Forthcoming Works,
504,,Blog of KJ Hannah Greenberg,
505,,Communicated Childbirth Options,
506,,Word Magpie,
507,,"Eternal, not Ephemeral",
508,,Subrogation,
509,,An Orbit of Chairs,
510,,Miscellaneous Parlor Tricks,
511,,"Granny Does It IV: More Morality, More Meaning", 
512,,Stanley Penguin,
513,,Real and Otherwise,
514,,Gratitudes: Faith-Based Responses to October 7th,
515,,Life’s Colors,
