page_route,page_title
a_bank_robbers_bad_luck,A Bank Robber's Bad Luck ...
a_grand_sociology_lesson,A Grand Sociology Lesson
a_little_history,A Little History
a_short_inquiry,A Short Inquiry
about_kj_hannah_greenberg,About KJ Hannah Greenberg
an_orbit_of_chairs,An Orbit of Chairs
beast_there-dont_that,Beast There-Don't That
blog_of_kj_hannah_greenberg,Blog of KJ Hannah Greenberg
blogs_and_columns,Blogs and Columns
book_chapters,Book Chapters
can_i_be_rare_too,"Can I be Rare, Too?"
citrus-inspired_ceramics,Citrus-Inspired Ceramics
communicated_childbirth_options,Communicated Childbirth Options
concatenation,Concatenation 
conversations_on_communication_ethics,Conversations on Communication Ethics
creative_nonfiction,Creative Nonfiction
cryptids,Cryptids
dancing_with_hedgehogs,Dancing with Hedgehogs
demurral,Demurral
developing_books,Developing Books
developing_short_works,Developing Short Works
do_not_compete_with_evil_doers,Do Not Compete with Evil Doers
dont_pet_the_sweaty_things,Don’t Pet The Sweaty Things
dreams_are_for_coloring_books_midlife_ma,Dreams are for Coloring Books: Midlife Marvels
eternal_not_ephemeral,"Eternal, not Ephemeral"
faq_about_kj_hannah_greenberg,FAQ about KJ Hannah Greenberg
fiction,Fiction
flames_and_fire,Flames and Fire
fluid_crystallized,Fluid & Crystallized
forthcoming_books,Forthcoming Books
forthcoming_short_works,Forthcoming Short Works
forthcoming_works,Forthcoming Works
friends_and_rabid_hedgehogs,Friends and Rabid Hedgehogs
granny_does_it_iv_more_morality_more_meaning,"Granny Does It IV: More Morality, More Meaning"
granny_does_it_vol_i_as_time_permits,Granny Does It Vol I: As Time Permits
granny_does_it_vol_ii_a_rhetoric_of_identity,Granny Does It Vol II: A Rhetoric of Identity
granny_does_it_vol_iii_a_morality_of_meaning,Granny Does It Vol III: A Morality of Meaning
gratitudes_faith-based_responses_to_october_7,Gratitudes: Faith-Based Responses to October 7th
images,Images
intelligences_vast_bonfires,Intelligence's Vast Bonfires
jerusalem_sunrise_veracious_celebrations,Jerusalem Sunrise: Veracious Celebrations
kindred_suddenly_teens,Kindred: “Suddenly Teens”
lifes_colors,Life’s Colors
miscellaneous_parlor_tricks,Miscellaneous Parlor Tricks
moment_by_moment,Moment by Moment
mothers_ought_to_utter_only_niceties,Mothers Ought to Utter Only Niceties
my_neighbor_judy,My Neighbor Judy
natural_jewish_parenting_life_with_teens,Natural Jewish Parenting: “Life with Teens and Twenties”
no_one_sighs,No One Sighs Over Wastrels’ Graves
oblivious_to_the_obvious,Oblivious to the Obvious
on_golden_limestone,On Golden Limestone
one-handed_pianist,One-Handed Pianist
owmapow_rides_again,Owmapow Rides Again
page_not_found,Page Not Found
poetry,Poetry
real_and_otherwise,Real and Otherwise
rhetorical_candy,Rhetorical Candy
rudiments,Rudiments
simple_gratitudes,Simple Gratitudes
smiling_and_nodding_with_alacrity,Smiling and Nodding with Alacrity
stanley_penguin,Stanley Penguin
subrogation,Subrogation
supernal_factors,Supernal Factors
sweet_and_sour_womanly_thoughts,Sweet and Sour: Womanly Thoughts
tangent,Tangent
ten_kilo_and_one_million,Ten Kilo and One Million
the_ill-advised_adventures_of_jim-jam_oneily,The Ill-Advised Adventures of Jim-Jam O'Neily
the_immediacy_of_emotional_kerfuffles,The Immediacy of Emotional Kerfuffles
the_jerusalem_post_middle_eastern_musing,The Jerusalem Post: “Middle Eastern Musings”
the_jerusalem_post_oldnew_world_discourse,The Jerusalem Post: “Old/New World Discourse”
the_jerusalem_post_she_said_she_said,The Jerusalem Post: “She Said: She Said”
the_little_temple_of_my_sleeping_bag,The Little Temple of My Sleeping Bag
the_mother_magazine_concentrated_awareness,The Mother Magazine: “Concentrated Awareness”
the_nexus_of_the_sun_the_moon_and_mother,"The Nexus of the Sun, the Moon, and Mother"
the_wifemom,The Wife/Mom
tosh_select_trash_and_bosh_of_creative_writing,Tosh: Select Trash and Bosh of Creative Writing
type-a_mom_stages_teens,"Type-A Mom: Stages, Teens"
upon_the_lion_and_the_serpent,Upon the Lion and the Serpent
walnut_street,Walnut Street
watercolors,Watercolors
whistling_for_salvation,Whistling for Salvation
word_citizen,Word Citizen
word_citizen_blog,Word Citizen
word_magpie,Word Magpie
